Name,Email,PhoneNumber,ProfileImg,Department,Organization/OrganisationName,Organization/Email,Organization/Password,Organization/LogoUrl
Nishant,nishant@stackroute.in,1234567890,www.profileimgnishant.in,mentor,stackroute,stackroute@gmail.in,stackroute1,logo@stackroute.com
Sachin,sachin@stackroute.in,0973536767,www.profileimgsachin.in,mentor,stackroute,stackroute@gmail.in,stackroute1,logo@stackroute.com
Tarangini,tarangini@stackroute.in,5367285371,www.profileimgtarangini.in,logistics,stackroute,stackroute@gmail.in,stackroute1,logo@stackroute.com
Semanta,semanta@stackroute.in,1234463471,www.profileimgsemanta.in,mentor,stackroute,stackroute@gmail.in,stackroute1,logo@stackroute.com
Abdul,abdul@stackroute.in,1234997298,www.profileimgabdul,devops,stackroute,stackroute@gmail.in,stackroute1,logo@stackroute.com
James,james@stackroute.in,8765431290,www.profileimgjames.in,logistics,stackroute,stackroute@gmail.in,stackroute1,logo@stackroute.com
Ashutosh,ashutosh@stackroute.in,8761234509,www.profileimgashutosh.in,mentor,stackroute,stackroute@gmail.in,stackroute1,logo@stackroute.com
akram,akram@stackroute.in,0956124387,www.profileimgakram.in,logistics,stackroute,stackroute@gmail.in,stackroute1,logo@stackroute.com
meghna,meghna@stackroute.in,8751340921,www.profileimgmeshna.in,mentor,stackroute,stackroute@gmail.in,stackroute1,logo@stackroute.com
basavaraj,basavaraj@stackroute.in,1298543120,www.profileimgbasavaraj.in,finance,stackroute,stackroute@gmail.in,stackroute1,logo@stackroute.com
"nishant","sdkih@gmail.com","928374947","kihefiewh",marketing,stackroute,stackroute@gmail.in,stackroute1,logo@stackroute.com
"sachin","lkjdfvbh","9375","klschv",product systems,stackroute,stackroute@gmail.in,stackroute1,logo@stackroute.com