Name,Email,PhoneNumber,ProfileImg,Department
Nishant,nishant@stackroute.in,1234567890,https://www.slrlounge.com/wp-content/uploads/2012/09/male-posing-tips-diana-elizabeth-4.jpg,mentor
Sachin,sachin@stackroute.in,0973536767,https://encrypted-tbn0.gstatic.com/images?q=tbn:ANd9GcTjI_omlbXfe50fpWSGz1QNMeKy-vabeXU12H98CHNATrDK1gZ2Ug,mentor
Tarangini,tarangini@stackroute.in,5367285371,https://encrypted-tbn0.gstatic.com/images?q=tbn:ANd9GcSmdoqwa0WQwskdroBm0OG50pFeqZ1X2KW7RV4RYwUR7NM4F6Hw,logistics
Semanta,semanta@stackroute.in,1234463471,https://us.123rf.com/450wm/sevalv/sevalv1801/sevalv180101025/94288482-horizontal-portrait-of-handsome-male-adult-with-beard-keeps-hand-under-chin-looks-confidently-listen.jpg?ver=6,mentor
Abdul,abdul@stackroute.in,1234997298,https://beaubumpas.com/wp-content/uploads/2014/07/headshot-slide-11.jpg,devops
James,james@stackroute.in,8765431290,https://encrypted-tbn0.gstatic.com/images?q=tbn:ANd9GcQmaJPP-RaS3kMEmN0Um-SoCLP5CbZiaDDu5Rzo1n04biIB9-Vw,logistics
Ashutosh,ashutosh@stackroute.in,8761234509,https://i.amz.mshcdn.com/oKHg9i6ZowU57sUlt83FVro63o0=/fit-in/1200x9600/https%3A%2F%2Fblueprint-api-production.s3.amazonaws.com%2Fuploads%2Fcard%2Fimage%2F645110%2F2809e689-c49c-492c-86f5-6cacaf76d63b.jpg,mentor
akram,akram@stackroute.in,0956124387,https://cnet4.cbsistatic.com/img/9mv8k9m0ov8OlozPTvx7qclNRCE=/970x0/2017/10/31/8a801561-2dbf-4954-b0cf-847648d75de5/img-0048-heic.jpg,logistics
meghna,meghna@stackroute.in,8751340921,https://encrypted-tbn0.gstatic.com/images?q=tbn:ANd9GcQJ5le775DInI6FiFg3piJCUGbeeaFSvhynGvrw0G8IZtSBlVjg3Q,mentor
basavaraj,basavaraj@stackroute.in,1298543120,https://i0.wp.com/beebom.com/wp-content/uploads/2018/02/Varun.jpg?resize=495%2C660&ssl=1,finance