Name,Email,PhoneNumber,ProfileImgUrl
nikita,niki@gmail.com,87567389275,https://encrypted-tbn0.gstatic.com/images?q=tbn:ANd9GcRVj42EkWFDc66WHS3RWOSqBYaePA0Yi21g2Fzsam_D9_xRU_bT
saikiran,sai@gmail.com,536821537,https://avatars0.githubusercontent.com/u/22069690?s=400&v=4
srikanth,srikanth@gmail.com,9344746829,https://encrypted-tbn0.gstatic.com/images?q=tbn:ANd9GcQcvCYP4EA5aExU8N6oQ2DBcKXxnCZc86b25CUYY7P7fm_pnWl8
sandeep,sandeep@gmail.com,8746648399,http://www.matterplacevr.com/resources/servicios/retail-1_3-b.jpg
abhishek,abhishek@gmail.com,8795823865,https://encrypted-tbn0.gstatic.com/images?q=tbn:ANd9GcRM9fgFAVWEG0SxTLDm_ejjxvE64ceOc-8VGp5iGH6tncObT6Sl
sankalp,sankalp@gmail.com,674887254,https://avatars3.githubusercontent.com/u/6650101?s=400&v=4
varun,varun@gmail.com,7456535682,http://www.deanagar.com.au/wp-content/uploads/2014/05/Corporate-headshot-photography-005.jpg
sharath,sharath@gmail.com,764389298,https://www.hvdadvocaten.nl/wp-content/uploads/2017/03/corporate-headshot.jpg
syed,syed@hotmail.com,7646576982,https://encrypted-tbn0.gstatic.com/images?q=tbn:ANd9GcQZoZP8B2AKHGi5BpAtsWqyJ-S9zvM500LTvQ98Gj2Qzq0avybQ
yamini,yamini@outlook.in,876538936,https://encrypted-tbn0.gstatic.com/images?q=tbn:ANd9GcSLaSlKrW4ENNnbi7GuQ-cvlq8auOAcnMHSr74TFQwEwmSZJS_E